1614084300000,47686.24000000,49455.53000000,47672.46000000,48670.21000000,4026.13456200,1614085199999,196268515.85235901,81047,2073.75701500,101062794.85729376,0
1614085200000,48670.54000000,49322.38000000,48338.99000000,49264.95000000,2281.04646200,1614086099999,111293697.65074852,51767,1161.45442400,56678002.88591806,0
1614086100000,49254.07000000,49600.00000000,48472.25000000,48680.01000000,2463.05989600,1614086999999,120573047.78694520,49457,1211.49016100,59313778.05253755,0
1614087000000,48680.02000000,49000.00000000,48032.17000000,48122.79000000,1647.43323500,1614087899999,79999755.17052867,36161,892.66292000,43361901.63871538,0
1614087900000,48125.43000000,49128.57000000,48123.96000000,48750.00000000,1350.04981900,1614088799999,65747578.50984519,34881,757.53484700,36901037.97929406,0
1614088800000,48754.47000000,49141.89000000,48650.05000000,48915.53000000,1055.14777100,1614089699999,51627067.31862262,30625,550.66401600,26945916.90170017,0
1614089700000,48910.22000000,48931.52000000,48411.95000000,48489.87000000,958.10186900,1614090599999,46663559.03213367,30797,489.55183800,23842487.31790600,0
1614090600000,48489.87000000,48692.88000000,46614.14000000,46667.72000000,2304.33148900,1614091499999,109449856.20413668,58970,1027.17940400,48807134.18695450,0
1614091500000,46667.72000000,47345.67000000,45838.84000000,46978.18000000,3287.96012200,1614092399999,153128681.15380097,71338,1565.24158600,72937037.62306813,0
1614092400000,46977.89000000,48500.00000000,46635.00000000,47920.60000000,2943.08525300,1614093299999,140594954.00927321,63903,1482.48707400,70839997.34292348,0
1614093300000,47914.29000000,48811.00000000,47590.45000000,48615.10000000,1777.02772800,1614094199999,85979504.30376885,41255,911.34646900,44123584.32735272,0
1614094200000,48609.54000000,49086.90000000,48057.72000000,48949.62000000,1558.57763900,1614095099999,75844917.50678523,38825,857.69066300,41750781.17221174,0
1614095100000,48949.62000000,49350.00000000,48269.01000000,48602.03000000,1614.87440000,1614095999999,78940434.55824552,42273,874.35007600,42762129.65727299,0
1614096000000,48602.02000000,49247.69000000,48252.04000000,48530.37000000,1692.32699400,1614096899999,82446470.64520713,38294,876.99425300,42757966.99166179,0
1614096900000,48530.84000000,48732.83000000,47576.29000000,48185.95000000,1550.35306000,1614097799999,74379820.93198720,34098,704.06017500,33774578.24673865,0
1614097800000,48194.59000000,48485.28000000,47300.00000000,47429.07000000,1433.92586300,1614098699999,68606606.49628763,30342,617.34404300,29559502.62832858,0
1614098700000,47428.01000000,47950.54000000,47230.01000000,47365.61000000,1113.34909100,1614099599999,52890880.49889324,24719,482.82180200,22944528.34344707,0
1614099600000,47361.41000000,47861.08000000,46888.00000000,46952.38000000,1092.59991900,1614100499999,51669483.94915179,28001,502.37221700,23766253.74171377,0
1614100500000,46954.15000000,47918.99000000,46888.00000000,47834.83000000,830.67014600,1614101399999,39472341.03256883,21924,460.53348900,21885488.66665505,0
1614101400000,47834.83000000,48197.74000000,47194.77000000,47309.43000000,803.47821900,1614102299999,38381015.80550147,22060,395.68048100,18894807.07920682,0
1614102300000,47302.32000000,47500.03000000,46950.00000000,47175.27000000,814.95330100,1614103199999,38479708.68717335,22062,399.76929500,18880136.98652440,0
1614103200000,47163.74000000,47520.00000000,46511.00000000,46525.06000000,1086.55599500,1614104099999,51030205.48668268,26977,477.32367000,22437566.52275960,0
1614104100000,46517.30000000,47465.46000000,46501.34000000,47313.23000000,1009.88066600,1614104999999,47379094.24890738,25866,512.41000400,24051395.52203006,0
1614105000000,47321.60000000,47777.00000000,47242.29000000,47507.11000000,831.83100100,1614105899999,39540506.10362953,23185,460.63325300,21900347.21359601,0
1614105900000,47507.12000000,47736.80000000,46712.51000000,46881.49000000,839.48495600,1614106799999,39649476.30878346,24073,392.30798400,18546693.56664305,0
1614106800000,46872.77000000,47291.03000000,46700.00000000,47057.34000000,729.75382400,1614107699999,34283700.83225878,18831,364.47599400,17127011.21906717,0
1614107700000,47058.36000000,47070.08000000,46501.01000000,46913.78000000,873.56879900,1614108599999,40832234.57414133,22843,397.13951600,18568243.03273218,0
1614108600000,46899.85000000,46899.85000000,45500.00000000,45668.94000000,1889.02604400,1614109499999,87112820.38625161,44830,744.90178500,34368203.77140786,0
1614109500000,45657.03000000,46264.29000000,45501.00000000,45523.00000000,1353.60024600,1614110399999,62052616.04913025,34348,702.84022400,32229913.26539825,0
1614110400000,45523.02000000,46600.00000000,45251.00000000,45866.17000000,1603.92041700,1614111299999,73728924.32834985,37967,732.49944500,33711151.42920278,0
1614111300000,45883.49000000,46935.86000000,45684.66000000,46871.85000000,988.55757300,1614112199999,45879744.47837061,25928,554.26360700,25732322.08621835,0
1614112200000,46871.85000000,47479.97000000,46760.09000000,47269.48000000,1179.37457800,1614113099999,55677797.44118613,26103,588.30381100,27774816.57293261,0
1614113100000,47264.16000000,47820.00000000,47112.38000000,47814.50000000,947.58153100,1614113999999,45016924.44476555,23737,554.22344500,26341552.70159390,0
1614114000000,47812.80000000,48450.00000000,47400.70000000,47941.48000000,1546.19762400,1614114899999,74228242.93318895,35782,829.66930800,39830169.05553489,0
1614114900000,47958.63000000,48378.99000000,47841.73000000,48045.96000000,1158.64017200,1614115799999,55704596.99930624,22261,753.39388200,36228820.56197813,0
1614115800000,48054.59000000,48474.31000000,47691.70000000,48418.26000000,833.99867200,1614116699999,40201228.44537654,19424,542.89166900,26189194.78719063,0
1614116700000,48411.00000000,48441.81000000,47748.44000000,47937.33000000,698.79492800,1614117599999,33615211.55212193,17550,342.54045400,16481136.83882161,0
1614117600000,47930.44000000,48352.00000000,47738.82000000,48308.23000000,499.08464800,1614118499999,23978463.39210739,16155,280.94392300,13502350.12585767,0
1614118500000,48308.23000000,48719.81000000,48000.00000000,48187.51000000,642.28901000,1614119399999,31115904.64937235,19856,377.45899000,18297819.90400822,0
1614119400000,48188.13000000,48300.00000000,47888.00000000,48136.35000000,597.36664100,1614120299999,28714545.99659740,15579,310.18652300,14913899.35486433,0
1614120300000,48126.91000000,48756.00000000,48120.03000000,48589.69000000,1474.26735400,1614121199999,71541675.99342825,22626,741.44986100,35988193.90299845,0
1614121200000,48597.19000000,48789.00000000,48377.97000000,48749.99000000,593.89235400,1614122099999,28882984.80197976,16154,260.04788400,12651491.12508306,0
1614122100000,48749.99000000,48860.00000000,48124.51000000,48407.39000000,792.05308200,1614122999999,38395532.15967829,18531,414.82391200,20102073.22310824,0
1614123000000,48401.42000000,48541.99000000,48187.43000000,48252.12000000,539.55268600,1614123899999,26104211.14174382,12829,272.81928500,13200148.78342442,0
1614123900000,48244.75000000,48938.85000000,48220.00000000,48891.00000000,560.18810800,1614124799999,27246598.67641013,13103,304.92280400,14830909.99837364,0
1614124800000,48891.00000000,49100.00000000,48110.00000000,48115.61000000,1163.10731100,1614125699999,56652515.07650543,28956,638.90186200,31157991.99211417,0
1614125700000,48115.61000000,48115.61000000,46988.69000000,47216.63000000,1989.99660900,1614126599999,94427118.05568320,39181,865.63556100,41052908.32539354,0
1614126600000,47216.64000000,47856.37000000,47205.43000000,47713.91000000,958.20087500,1614127499999,45611424.03550067,25465,465.43766400,22152992.75560880,0
1614127500000,47721.39000000,48500.00000000,47700.27000000,48456.58000000,736.22594100,1614128399999,35385633.18649164,19546,383.77348800,18438025.26443723,0
1614128400000,48456.58000000,48949.99000000,48419.48000000,48723.21000000,1018.76958400,1614129299999,49624237.94865108,24307,500.52928200,24381552.36182471,0
1614129300000,48723.21000000,49359.55000000,48717.38000000,49166.12000000,1261.53651600,1614130199999,61932263.14361810,27746,717.95120400,35249582.95181437,0
1614130200000,49171.09000000,49888.00000000,48737.69000000,49719.52000000,1405.98886100,1614131099999,69390552.17731059,32427,839.71843200,41457290.61405515,0
1614131100000,49722.31000000,50225.22000000,49500.00000000,50191.60000000,1681.62914300,1614131999999,83787920.83871035,32140,805.36657400,40162797.92143842,0
1614132000000,50191.68000000,50553.33000000,49813.00000000,50286.16000000,1449.75927000,1614132899999,72876119.69043947,37002,724.35155900,36430300.35728040,0
1614132900000,50289.15000000,50339.59000000,49803.00000000,50008.52000000,901.34007400,1614133799999,45057302.97848443,22571,478.08679800,23902028.06314776,0
1614133800000,50012.99000000,50450.00000000,50000.00000000,50055.72000000,908.85532500,1614134699999,45659980.80975436,22219,419.34084700,21068170.12710850,0
1614134700000,50049.67000000,50394.99000000,50049.67000000,50160.42000000,702.07977600,1614135599999,35296081.06377273,19495,339.96149400,17090867.15408058,0
1614135600000,50160.21000000,50500.00000000,50025.01000000,50367.19000000,709.19042100,1614136499999,35703607.89409387,20709,327.50939800,16491313.71232013,0
1614136500000,50367.19000000,50465.79000000,50163.35000000,50243.70000000,657.93275100,1614137399999,33081560.32431452,16388,340.39496000,17114784.00487749,0
1614137400000,50246.08000000,50538.61000000,50212.37000000,50405.60000000,678.27571700,1614138299999,34172993.72554648,16758,402.02130900,20257648.30007372,0
1614138300000,50405.60000000,50993.57000000,50258.38000000,50874.99000000,1100.43091900,1614139199999,55845161.10153206,26002,596.85064200,30292218.53595761,0
1614139200000,50869.77000000,51287.84000000,50848.70000000,51246.79000000,1422.61819400,1614140099999,72654186.76600660,28341,879.62423200,44915980.63796946,0
1614140100000,51249.33000000,51357.00000000,50636.55000000,50673.73000000,1175.78383600,1614140999999,59925439.68763370,30004,600.01071100,30582581.72111922,0
1614141000000,50673.74000000,50864.80000000,50327.35000000,50353.33000000,1070.57909700,1614141899999,54200552.09463118,27091,575.26561300,29124935.61532378,0
1614141900000,50344.33000000,50948.83000000,50340.22000000,50617.29000000,900.39821400,1614142799999,45658238.24512063,24083,515.61979900,26145051.13636357,0
1614142800000,50619.83000000,51044.22000000,50617.56000000,50620.01000000,785.22834000,1614143699999,39923901.55855379,20065,434.19022600,22076839.37343526,0
1614143700000,50620.00000000,50623.55000000,50000.00000000,50399.72000000,1210.41243600,1614144599999,60835028.93808857,28827,624.58538600,31390564.55536636,0
1614144600000,50396.74000000,50550.00000000,50171.64000000,50406.50000000,739.64310200,1614145499999,37260751.69424309,20010,410.70398100,20691780.61838514,0
1614145500000,50406.50000000,50530.92000000,50150.00000000,50247.40000000,672.29689100,1614146399999,33867138.06908410,15925,340.83405300,17172268.02093513,0
1614146400000,50247.61000000,50719.78000000,49593.46000000,49736.62000000,1557.35700600,1614147299999,78298253.63819873,33336,697.14093600,35070562.60344416,0
1614147300000,49736.62000000,50147.00000000,49456.00000000,49666.93000000,1309.23022000,1614148199999,65174944.98808167,31902,699.64691800,34836855.36384989,0
1614148200000,49666.92000000,50076.92000000,49573.42000000,50055.59000000,926.34876200,1614149099999,46138003.53169842,23041,505.44817000,25182919.35531117,0
1614149100000,50055.59000000,50427.00000000,49927.57000000,50109.21000000,873.18248200,1614149999999,43779324.29905705,21082,463.91971700,23258243.65021632,0
1614150000000,50109.20000000,50181.33000000,49548.47000000,49552.56000000,779.16748900,1614150899999,38855398.80366789,20501,358.83628300,17902397.02394072,0
1614150900000,49552.56000000,50050.00000000,49530.43000000,49703.96000000,684.16438900,1614151799999,34083188.41541290,17113,369.46642900,18410378.54400685,0
1614151800000,49703.96000000,50245.48000000,49703.96000000,50100.00000000,889.12809200,1614152699999,44486236.84363718,21335,498.27353000,24930096.05874285,0
1614152700000,50100.92000000,50368.40000000,50000.00000000,50090.57000000,684.51923300,1614153599999,34351958.21712442,19692,357.45861000,17941597.68526758,0
1614153600000,50090.61000000,50500.00000000,49799.29000000,50491.91000000,862.59499600,1614154499999,43347128.39703335,25568,456.59046800,22954942.96180574,0
1614154500000,50491.92000000,50886.20000000,50482.18000000,50626.76000000,1095.55958800,1614155399999,55509901.77695134,29448,534.90672800,27104855.85396367,0
1614155400000,50627.45000000,50847.51000000,50352.52000000,50406.83000000,992.96130900,1614156299999,50294716.01851889,24085,457.41742900,23172029.41540550,0
1614156300000,50409.35000000,50725.45000000,50278.56000000,50634.36000000,979.89030800,1614157199999,49495456.64688724,23152,505.77531300,25542204.86725316,0
1614157200000,50634.32000000,50644.26000000,50306.12000000,50545.63000000,1287.11754200,1614158099999,64977485.67579422,25899,778.65897900,39307770.20137302,0
1614158100000,50542.50000000,50950.00000000,50533.96000000,50717.02000000,992.50995600,1614158999999,50394738.52764916,27875,499.24847600,25350447.39988397,0
1614159000000,50717.12000000,51374.99000000,50706.97000000,51229.02000000,1550.53459700,1614159899999,79146667.91522268,34169,757.23822500,38640418.95977225,0
1614159900000,51230.54000000,51299.47000000,50800.27000000,50847.51000000,974.65867400,1614160799999,49689012.78042504,27275,460.22641800,23461972.99381617,0
1614160800000,50847.50000000,51000.00000000,50550.80000000,50606.28000000,1021.92767500,1614161699999,51904214.02352296,25890,514.94524000,26157667.90947392,0
1614161700000,50605.62000000,50627.12000000,50123.71000000,50404.42000000,939.34840900,1614162599999,47369986.22553949,27809,439.46213800,22164971.05251253,0
1614162600000,50404.31000000,50600.00000000,50231.58000000,50539.14000000,552.06416000,1614163499999,27838213.83621310,18336,265.10822800,13368591.72602864,0
1614163500000,50535.07000000,50596.88000000,50033.52000000,50075.00000000,682.87214500,1614164399999,34352002.45886290,20523,285.43559900,14362472.60903803,0
1614164400000,50075.00000000,50593.03000000,50049.15000000,50387.83000000,796.11671000,1614165299999,40117999.64101955,26450,450.93051500,22718928.41577902,0
1614165300000,50387.84000000,50875.00000000,50203.26000000,50714.89000000,704.21212400,1614166199999,35592187.92098864,20899,369.96308200,18709063.39207672,0
1614166200000,50714.88000000,50842.11000000,50321.11000000,50366.22000000,679.71672800,1614167099999,34381897.98546555,19102,300.62665700,15214374.71382599,0
1614167100000,50366.23000000,50476.38000000,50188.00000000,50360.02000000,651.75906000,1614167999999,32794977.89512062,16436,309.40989600,15569933.65583327,0
1614168000000,50360.02000000,50834.67000000,50326.81000000,50818.70000000,1156.09340300,1614168899999,58458434.27535784,25615,485.83708200,24566116.60226663,0
1614168900000,50818.71000000,51181.81000000,50702.00000000,51131.05000000,1399.44104400,1614169799999,71300238.71733105,28403,704.95716200,35910520.10678296,0
1614169800000,51130.14000000,51294.00000000,50868.08000000,50891.81000000,1244.39812900,1614170699999,63606410.89840953,28236,560.66335900,28663263.91064239,0
1614170700000,50891.88000000,51034.75000000,50617.56000000,50739.94000000,739.04523400,1614171599999,37581264.18402018,20241,355.10787200,18061268.72240777,0
1614171600000,50738.27000000,51060.00000000,50355.00000000,50431.67000000,1321.70153000,1614172499999,66960758.62694282,29814,582.90834700,29540841.21076274,0
1614172500000,50431.67000000,50431.67000000,49462.86000000,49590.82000000,2542.42943900,1614173399999,126640535.48342514,53969,1106.53294400,55104628.24682393,0
1614173400000,49599.98000000,49766.85000000,49056.33000000,49453.55000000,2261.42892100,1614174299999,111600328.64757259,43260,1133.06772500,55918109.58554706,0
1614174300000,49453.55000000,49859.23000000,49285.26000000,49481.61000000,1184.89425800,1614175199999,58737133.36238615,25937,583.67924200,28938978.28305290,0
1614175200000,49469.19000000,49777.00000000,49074.81000000,49428.22000000,1259.83104900,1614176099999,62321934.19284426,25336,589.93225400,29192859.17400138,0
1614176100000,49428.21000000,49644.41000000,49293.78000000,49460.03000000,872.64542200,1614176999999,43178666.96126022,18241,468.59940200,23188273.32351173,0
1614177000000,49469.80000000,49681.16000000,48758.00000000,48774.57000000,1332.51982700,1614177899999,65534986.01715828,28580,595.77370000,29326650.53199157,0
1614177900000,48767.69000000,49444.44000000,48760.30000000,49404.04000000,1329.06876600,1614178799999,65287616.55796408,26947,711.68962400,34957723.73438455,0
1614178800000,49404.62000000,49641.31000000,48857.53000000,48914.08000000,909.45656400,1614179699999,44829600.73044485,23848,454.98608800,22427414.02864527,0
1614179700000,48914.08000000,49200.00000000,48450.00000000,49144.43000000,1723.39155700,1614180599999,84080370.65655258,36964,836.20336200,40806653.54396441,0
1614180600000,49143.29000000,49583.00000000,48979.59000000,49222.17000000,1008.89798200,1614181499999,49762108.97901851,22718,510.69657300,25190255.69486403,0
1614181500000,49222.06000000,49850.00000000,49219.72000000,49819.50000000,1043.30582500,1614182399999,51778704.93771085,21853,596.45441300,29607842.36718245,0
1614182400000,49819.49000000,50150.00000000,49588.02000000,49741.63000000,1147.53229800,1614183299999,57245135.11529078,26736,567.67570200,28325600.99862354,0
1614183300000,49741.63000000,49822.90000000,49386.11000000,49479.04000000,835.07943900,1614184199999,41391219.89888840,17825,444.47421500,22031841.70953341,0
1614184200000,49479.04000000,49838.55000000,49450.00000000,49577.25000000,926.18020500,1614185099999,45985973.05727457,16763,483.03107100,23984199.19313733,0
1614185100000,49576.63000000,49779.83000000,49160.00000000,49308.28000000,879.70675300,1614185999999,43563654.77435041,18907,423.64507200,20988707.19633623,0
1614186000000,49308.29000000,49941.47000000,49303.56000000,49740.36000000,786.68085000,1614186899999,39098010.25666776,19653,421.50625400,20944306.51976141,0
1614186900000,49740.36000000,49920.01000000,49669.35000000,49703.24000000,517.31640900,1614187799999,25766422.78563699,13716,203.91687300,10156741.99269654,0
1614187800000,49703.23000000,49876.48000000,49585.93000000,49842.78000000,459.60410200,1614188699999,22854831.24000363,13578,232.50064900,11561920.02706927,0
1614188700000,49844.57000000,50060.31000000,49724.99000000,50041.80000000,604.86600700,1614189599999,30165775.58956201,15077,349.22871300,17421006.87031975,0
1614189600000,50046.03000000,50052.18000000,49500.00000000,49618.18000000,925.78508900,1614190499999,46099876.83397644,19162,430.12683100,21418344.83695348,0
1614190500000,49618.18000000,49781.58000000,49465.15000000,49632.21000000,560.20633900,1614191399999,27786915.44014854,13467,281.76633800,13978607.92516327,0
1614191400000,49632.20000000,49969.73000000,49605.23000000,49855.70000000,455.87668200,1614192299999,22724768.93197449,12218,216.22235600,10777925.26925400,0
1614192300000,49855.70000000,49855.71000000,49517.99000000,49570.00000000,396.43845600,1614193199999,19699601.20299308,11087,143.67783700,7140057.41627417,0
1614193200000,49570.00000000,49690.15000000,49202.00000000,49348.81000000,746.79862700,1614194099999,36937970.09787695,15836,366.14315700,18109530.76349860,0
1614194100000,49348.81000000,49559.77000000,49343.00000000,49405.57000000,425.55525000,1614194999999,21037883.61316074,11340,189.90924400,9387505.90917275,0
1614195000000,49405.57000000,49407.56000000,48811.26000000,48969.46000000,1042.63208200,1614195899999,51126800.71277541,21034,462.15599500,22656100.02129923,0
1614195900000,48969.47000000,49197.82000000,48836.41000000,48959.93000000,641.49089100,1614196799999,31438217.85441005,15271,359.57152200,17622444.98816984,0
1614196800000,48959.93000000,49266.39000000,48813.77000000,49170.76000000,661.38943100,1614197699999,32458851.73679324,16944,300.87154100,14763437.05806964,0
1614197700000,49171.70000000,49171.70000000,48714.66000000,48864.96000000,583.14546700,1614198599999,28506682.67772274,15953,253.45696300,12387280.86293403,0
1614198600000,48865.29000000,49016.96000000,48581.26000000,48629.66000000,700.64564000,1614199499999,34155992.27194484,17760,335.25905000,16345327.39184107,0
1614199500000,48633.15000000,49199.00000000,48631.69000000,49101.18000000,587.48354900,1614200399999,28739016.49653478,14504,311.74428300,15247811.29581333,0
1614200400000,49101.18000000,49150.00000000,48486.63000000,48500.51000000,903.69688000,1614201299999,44076754.59362389,17034,450.33740800,21971465.56878553,0
1614201300000,48500.52000000,48599.47000000,48112.75000000,48152.16000000,1231.89154600,1614202199999,59502198.32751527,27573,594.13629500,28703605.66008319,0
1614202200000,48152.18000000,48534.69000000,48116.76000000,48449.09000000,634.51978500,1614203099999,30693374.16854436,16393,278.17677200,13451310.51039209,0
1614203100000,48449.09000000,48913.27000000,48090.00000000,48707.72000000,881.25802500,1614203999999,42681824.19736310,21126,425.09566000,20598569.90038115,0
1614204000000,48715.97000000,48715.97000000,48028.18000000,48124.12000000,683.76233600,1614204899999,33029160.08382495,20897,249.30079900,12044843.64869494,0
1614204900000,48135.26000000,48698.62000000,48113.53000000,48686.94000000,390.75663800,1614205799999,18924065.28028120,13075,218.67981000,10594551.87929344,0
1614205800000,48685.70000000,48950.00000000,48524.73000000,48556.13000000,536.75311300,1614206699999,26160474.62961050,20187,229.98617800,11214146.02040767,0
1614206700000,48550.00000000,48900.00000000,48454.54000000,48811.63000000,729.78637200,1614207599999,35568528.47959420,14860,337.71826800,16451761.00880587,0
1614207600000,48811.63000000,49505.16000000,48722.71000000,49351.71000000,869.92537100,1614208499999,42862086.20168485,23304,422.85694500,20833084.59883530,0
1614208500000,49356.29000000,49444.41000000,49070.40000000,49309.66000000,554.28914100,1614209399999,27308959.81426054,14556,235.24360500,11590934.00367663,0
1614209400000,49309.66000000,49739.32000000,49309.66000000,49555.10000000,738.84926100,1614210299999,36589214.04829802,17890,319.24493600,15810402.65692476,0
1614210300000,49555.10000000,49747.49000000,49472.96000000,49676.20000000,745.53741100,1614211199999,36990062.17268684,14668,373.16628100,18517662.83626201,0
1614211200000,49676.21000000,49950.00000000,49554.86000000,49554.86000000,782.03928900,1614212099999,38935217.06367663,20641,391.15041100,19476193.30180950,0
1614212100000,49554.87000000,50388.34000000,49517.01000000,50316.84000000,1092.90061700,1614212999999,54727072.32391860,25435,658.32086500,32969412.85056011,0
1614213000000,50316.84000000,50865.00000000,50316.84000000,50757.21000000,1044.43094800,1614213899999,52754557.70312727,24918,526.96850800,26626926.42555620,0
1614213900000,50753.74000000,50850.00000000,50406.37000000,50507.25000000,611.03260800,1614214799999,30898211.17746379,16163,288.85073700,14605312.70001242,0
1614214800000,50507.24000000,50884.88000000,50421.06000000,50851.26000000,710.24057000,1614215699999,35989524.20026783,15560,422.08712600,21392317.61073345,0
1614215700000,50851.26000000,50864.99000000,50555.01000000,50832.65000000,519.82369500,1614216599999,26342124.12260674,12976,277.60746300,14066390.25912166,0
1614216600000,50832.04000000,50833.32000000,50526.69000000,50726.75000000,418.32741700,1614217499999,21207139.66807399,11361,212.68761200,10781636.42988547,0
1614217500000,50727.17000000,50779.99000000,50357.14000000,50504.71000000,548.74507100,1614218399999,27729784.09817855,13413,276.62715900,13977851.13781574,0
1614218400000,50505.26000000,50834.43000000,50421.36000000,50736.61000000,672.77942000,1614219299999,34125807.38179165,13431,370.40232400,18787088.77699361,0
1614219300000,50736.61000000,50830.89000000,50463.28000000,50490.37000000,452.56292500,1614220199999,22917878.58212851,11892,246.26546500,12473079.00405884,0
1614220200000,50490.38000000,50800.00000000,50471.47000000,50790.02000000,355.39147100,1614221099999,17994229.46890916,11693,192.50191700,9746757.73298675,0
1614221100000,50790.06000000,50800.00000000,50532.64000000,50650.95000000,414.30342600,1614221999999,20982990.52707369,10703,166.02377800,8407077.21125533,0
1614222000000,50650.95000000,50659.77000000,50456.53000000,50502.07000000,399.43774300,1614222899999,20183526.97105012,11242,182.02963100,9198243.22953325,0
1614222900000,50501.02000000,50501.02000000,50033.94000000,50117.23000000,792.88346300,1614223799999,39840584.48514993,19016,392.98713300,19745964.89017917,0
1614223800000,50117.23000000,50367.81000000,50117.23000000,50333.77000000,373.66352200,1614224699999,18786519.73115690,10975,205.71435100,10341442.49565871,0
1614224700000,50333.77000000,50460.00000000,50139.90000000,50206.97000000,381.23378000,1614225599999,19186889.59658859,11286,192.50109600,9689284.95095502,0
1614225600000,50206.97000000,50260.45000000,49827.18000000,50066.57000000,780.47410200,1614226499999,39015589.30310125,17395,406.11004700,20299920.82982943,0
1614226500000,50064.16000000,50366.67000000,50010.73000000,50287.94000000,596.42111500,1614227399999,29944119.26110348,11967,277.74728600,13950662.55840165,0
1614227400000,50287.94000000,50310.34000000,49850.00000000,49982.06000000,573.78021000,1614228299999,28717572.36380921,12128,303.99689400,15210325.79206371,0
1614228300000,49982.06000000,50089.65000000,49567.89000000,49627.34000000,580.34109700,1614229199999,28919183.58731382,14087,283.23597700,14119011.16340415,0
1614229200000,49626.90000000,49838.20000000,49533.44000000,49763.70000000,705.61052600,1614230099999,35084346.28162137,15530,384.38103000,19112918.56369134,0
1614230100000,49763.70000000,49923.19000000,49613.29000000,49701.93000000,388.99984500,1614230999999,19365987.66123500,12385,183.21881600,9121760.08562117,0
1614231000000,49701.94000000,50264.73000000,49564.02000000,50002.21000000,676.26756800,1614231899999,33816548.68260326,18108,374.78207900,18741939.27141883,0
1614231900000,50002.21000000,50449.07000000,49873.46000000,50388.60000000,718.39820600,1614232799999,36042088.79534023,17578,369.98005600,18556257.57728851,0
1614232800000,50391.10000000,50540.97000000,50246.89000000,50422.20000000,551.37159200,1614233699999,27784414.47504777,20458,285.81309600,14403971.03257852,0
1614233700000,50422.20000000,50519.55000000,50212.79000000,50280.78000000,453.51807500,1614234599999,22851310.19296397,16298,208.11496800,10487146.48261346,0
1614234600000,50277.05000000,50477.76000000,50240.43000000,50432.38000000,392.88556400,1614235499999,19792689.37398347,17522,208.29684800,10493485.32953754,0
1614235500000,50433.71000000,50568.97000000,50352.94000000,50453.54000000,480.36661500,1614236399999,24243654.87518911,17043,234.15848400,11816915.84563293,0
1614236400000,50453.54000000,50494.16000000,50105.71000000,50335.23000000,472.58065900,1614237299999,23766092.16215385,13256,222.72659200,11201187.67194455,0
1614237300000,50335.23000000,50559.51000000,50335.23000000,50485.00000000,663.38331800,1614238199999,33486769.54801115,17064,355.92361700,17968719.75480588,0
1614238200000,50484.99000000,50517.24000000,50321.44000000,50466.71000000,424.49785900,1614239099999,21406102.60685017,12680,216.88975900,10937099.10313854,0
1614239100000,50462.09000000,50507.61000000,50393.89000000,50395.99000000,385.05083400,1614239999999,19426746.58442014,12250,191.79243500,9676410.07248143,0
1614240000000,50395.58000000,50513.35000000,50088.01000000,50155.10000000,595.51358400,1614240899999,29961769.97666890,18073,286.99183100,14440461.98156107,0
1614240900000,50155.09000000,50230.01000000,49821.83000000,50069.98000000,922.79007700,1614241799999,46135857.65863584,20288,513.17342500,25656929.64658621,0
1614241800000,50069.99000000,50098.50000000,49901.00000000,50037.94000000,535.36712600,1614242699999,26777300.61000077,14690,284.14002500,14212461.62586992,0
1614242700000,50037.93000000,50039.18000000,49534.90000000,49700.00000000,799.79769900,1614243599999,39833683.44485850,19993,357.86943900,17824924.31527294,0
1614243600000,49700.01000000,49840.60000000,49186.24000000,49253.07000000,1254.66710200,1614244499999,62055049.81569748,28964,587.49061000,29057135.12196148,0
1614244500000,49253.07000000,49400.00000000,48772.30000000,48935.78000000,1391.62299700,1614245399999,68262409.42367176,33151,691.12992500,33910172.61552971,0
1614245400000,48935.79000000,49185.32000000,48581.71000000,48773.80000000,1086.82777900,1614246299999,53191135.85170773,26847,503.50738900,24644414.02562776,0
1614246300000,48767.98000000,49180.63000000,48700.00000000,48977.03000000,720.89358400,1614247199999,35355644.92772114,20589,377.71308400,18525310.87379233,0
1614247200000,48977.03000000,49331.17000000,48951.59000000,49254.52000000,663.43827600,1614248099999,32624343.91928985,25854,341.30487200,16786552.60579884,0
1614248100000,49254.53000000,49350.00000000,48812.92000000,49077.05000000,653.02425800,1614248999999,32063117.80630093,28237,317.15831400,15572185.20670650,0
1614249000000,49077.05000000,49256.62000000,49037.50000000,49214.77000000,415.48952500,1614249899999,20421708.53157126,22634,206.43522500,10147003.95417309,0
1614249900000,49214.78000000,49729.52000000,49214.77000000,49551.51000000,1012.32770100,1614250799999,50161162.96507607,31766,544.23612700,26966188.62608120,0
1614250800000,49551.51000000,49900.00000000,49551.51000000,49769.26000000,926.45402700,1614251699999,46104258.84657087,27884,443.92778100,22092332.13540170,0
1614251700000,49773.80000000,49960.48000000,49589.24000000,49606.17000000,649.21487700,1614252599999,32341847.35867302,23802,320.99130700,15992581.94757545,0
1614252600000,49606.17000000,49954.49000000,49605.46000000,49761.78000000,448.68963900,1614253499999,22349379.05348136,21100,224.46015000,11179917.24805963,0
1614253500000,49763.50000000,50403.14000000,49763.50000000,50294.80000000,1051.70479500,1614254399999,52760159.23483455,31876,592.31199700,29712003.72363026,0
1614254400000,50299.00000000,50742.00000000,50220.14000000,50274.01000000,1308.51298800,1614255299999,66074606.35229972,38913,718.58643600,36285697.37085319,0
1614255300000,50273.09000000,50397.66000000,50077.00000000,50366.31000000,610.85214900,1614256199999,30684068.36768354,25143,321.15102800,16131135.58924583,0
1614256200000,50363.19000000,50560.00000000,50265.04000000,50511.54000000,687.13991000,1614257099999,34636862.28174373,22963,346.44485800,17466219.04027448,0
1614257100000,50511.55000000,51500.00000000,50450.00000000,51487.06000000,2400.18691800,1614257999999,122533216.62397737,55190,1363.85951800,69627821.31551591,0
1614258000000,51497.98000000,52041.73000000,51485.69000000,51745.02000000,2684.29451700,1614258899999,138918601.12152577,62508,1574.18649900,81466405.48224112,0
1614258900000,51745.01000000,51780.40000000,51344.00000000,51430.06000000,1394.30759400,1614259799999,71816531.44915440,37938,660.60301400,34027874.31192050,0
1614259800000,51430.05000000,51648.74000000,51060.27000000,51465.33000000,1558.77046400,1614260699999,80055747.47460373,35414,727.86775900,37381177.98215254,0
1614260700000,51465.32000000,51480.82000000,51170.00000000,51347.60000000,799.83670900,1614261599999,41022936.63796982,20843,342.75448900,17579872.07706533,0
1614261600000,51351.93000000,51530.00000000,51170.33000000,51445.97000000,987.89882800,1614262499999,50755847.23631464,24035,494.38283200,25405337.68766969,0
1614262500000,51444.24000000,51473.81000000,50823.00000000,50851.58000000,920.17464700,1614263399999,47038913.57638530,25769,399.70035200,20436168.87155082,0
1614263400000,50855.52000000,51290.00000000,50599.00000000,50712.08000000,910.72433400,1614264299999,46432236.18391590,25300,415.12080600,21171661.92502895,0
1614264300000,50712.08000000,50983.64000000,50646.54000000,50830.88000000,783.88466300,1614265199999,39849623.87180692,21166,320.74167600,16302592.14518503,0
1614265200000,50830.60000000,51172.41000000,50740.50000000,51036.33000000,736.05184000,1614266099999,37554864.39400149,23247,326.88032600,16678368.69073466,0
1614266100000,51036.16000000,51367.61000000,50915.69000000,50927.95000000,794.87361200,1614266999999,40680390.53071372,26262,359.78669100,18409304.21885879,0
1614267000000,50927.95000000,51100.00000000,50680.02000000,50867.47000000,734.37334800,1614267899999,37363582.81445518,25301,359.26128500,18278482.59913984,0
1614267900000,50867.47000000,51020.04000000,50480.00000000,50849.99000000,1046.52375800,1614268799999,53039162.67870422,27496,494.22876700,25045496.61980674,0
1614268800000,50850.00000000,51071.28000000,50563.82000000,51071.27000000,751.08214400,1614269699999,38185458.22952457,25891,387.90609800,19724363.79045984,0
1614269700000,51071.28000000,51370.18000000,50922.64000000,51074.80000000,1030.34327900,1614270599999,52742166.70955575,30325,494.29070900,25299720.24102587,0
1614270600000,51074.81000000,51240.00000000,50902.08000000,50980.82000000,644.55547700,1614271499999,32912388.12639503,21199,297.79967100,15207800.04879005,0
1614271500000,50983.36000000,51057.54000000,50602.71000000,50630.66000000,760.58283600,1614272399999,38612239.92236210,23518,348.30765300,17682213.96061041,0
1614272400000,50632.85000000,50665.78000000,49855.00000000,50095.31000000,1512.91139700,1614273299999,76043117.87643569,33752,603.32634900,30334152.51695496,0
1614273300000,50095.32000000,50315.78000000,49655.00000000,49716.41000000,1089.11974700,1614274199999,54474118.72138133,25808,489.06191300,24468999.69306174,0
1614274200000,49714.54000000,49973.33000000,49560.38000000,49633.59000000,1062.61613800,1614275099999,52865000.26736809,24691,505.13626300,25136033.72686416,0
1614275100000,49636.25000000,49907.84000000,49306.91000000,49550.95000000,960.48588000,1614275999999,47629397.60323522,25562,427.40990500,21204313.51718136,0
1614276000000,49550.96000000,49965.00000000,49409.70000000,49800.63000000,1013.99525100,1614276899999,50440075.90516676,27132,557.39918600,27725232.79174681,0
1614276900000,49803.22000000,50086.28000000,49631.17000000,49740.38000000,796.35955700,1614277799999,39698540.04306470,21652,372.50925400,18573295.64074948,0
1614277800000,49740.86000000,49911.57000000,49456.00000000,49684.24000000,662.74657300,1614278699999,32921813.19849477,20937,318.44202200,15820315.20815217,0
1614278700000,49684.24000000,49783.41000000,49226.09000000,49544.14000000,1039.92045700,1614279599999,51448600.89407568,26885,491.42354800,24315514.33104455,0
1614279600000,49543.04000000,50000.00000000,49262.29000000,49485.98000000,913.12840600,1614280499999,45346519.78658289,33223,457.35094500,22714433.57622828,0
1614280500000,49485.99000000,49860.69000000,49309.90000000,49527.09000000,721.66862000,1614281399999,35783966.44236055,29100,366.10111900,18154055.85021209,0
1614281400000,49524.69000000,49758.14000000,49450.00000000,49669.58000000,451.19605700,1614282299999,22396170.93898802,24194,245.44066900,12183302.75023873,0
1614282300000,49678.31000000,49798.81000000,49422.17000000,49443.86000000,497.93293000,1614283199999,24693498.35610816,23685,219.21814800,10874465.72944456,0
1614283200000,49442.20000000,49442.20000000,48831.79000000,48872.55000000,1444.40228000,1614284099999,70905029.81258022,36917,555.34407200,27265801.26794729,0
1614284100000,48870.46000000,49550.01000000,48788.00000000,49099.99000000,812.27218700,1614284999999,39935231.61029726,27724,409.79775700,20148502.57030123,0
1614285000000,49099.99000000,49300.00000000,48529.47000000,48818.39000000,1343.12047700,1614285899999,65479782.74447585,34079,648.14561600,31601438.98324777,0
1614285900000,48818.38000000,49221.67000000,48690.70000000,49152.75000000,649.88021400,1614286799999,31805976.20738876,24577,337.22405900,16505899.58477143,0
1614286800000,49151.36000000,49274.01000000,48921.27000000,49043.93000000,668.94351500,1614287699999,32838286.22251528,18701,333.58528700,16376241.48603537,0
1614287700000,49043.92000000,49300.00000000,48559.28000000,48905.54000000,897.24578300,1614288599999,43922869.45723613,25873,420.01741600,20568241.21095900,0
1614288600000,48905.54000000,48948.15000000,48530.64000000,48650.47000000,813.22828800,1614289499999,39581528.25225875,23210,361.52252900,17601538.68337652,0
1614289500000,48650.01000000,48650.01000000,48051.00000000,48101.99000000,1255.22571900,1614290399999,60684126.98572252,33676,477.27626200,23073044.82316377,0
1614290400000,48102.01000000,48323.93000000,47471.00000000,47902.26000000,2248.17994300,1614291299999,107619968.28221021,54492,774.91532600,37100677.39264006,0
1614291300000,47902.26000000,48697.68000000,47604.21000000,48697.68000000,1153.21173700,1614292199999,55575589.67817502,36018,551.68774400,26587632.27272146,0
1614292200000,48695.50000000,48900.00000000,48148.46000000,48342.59000000,1126.35001900,1614293099999,54677062.81762677,31086,397.66918500,19316532.58396459,0
1614293100000,48334.37000000,48520.40000000,47800.00000000,48235.85000000,1142.76346800,1614293999999,55055847.31957838,31189,524.81245400,25292253.54347159,0
1614294000000,48229.63000000,48235.36000000,47630.53000000,47947.90000000,1242.80674600,1614294899999,59482646.03236719,27950,679.24501200,32500995.05717284,0
1614294900000,47950.30000000,48463.27000000,47800.00000000,48265.50000000,795.19750300,1614295799999,38350612.59179379,22510,444.91102600,21457759.44212347,0
1614295800000,48266.26000000,48381.18000000,47266.34000000,47335.08000000,1263.98603300,1614296699999,60291064.51434451,31533,537.65826100,25647079.63730129,0
1614296700000,47347.45000000,47623.07000000,46674.34000000,47073.73000000,2645.24198500,1614297599999,124668738.71602006,48900,1247.43790400,58809764.01196077,0
1614297600000,47073.73000000,47551.02000000,46522.50000000,47491.61000000,2093.63523100,1614298499999,98370578.57201050,45562,1049.61573300,49328796.40806396,0
1614298500000,47494.54000000,47613.50000000,46713.44000000,46752.35000000,1500.44884600,1614299399999,70571024.98625914,35336,715.64278200,33656744.40507475,0
1614299400000,46752.35000000,46783.59000000,46000.00000000,46184.09000000,2744.45238300,1614300299999,127070234.81237362,54138,1225.65118900,56754781.33768254,0
1614300300000,46170.09000000,46868.39000000,46000.00000000,46801.05000000,1764.85671700,1614301199999,81819173.19818443,37732,834.44289100,38704478.76537807,0
1614301200000,46807.84000000,47199.97000000,46518.88000000,46988.91000000,1585.80880600,1614302099999,74317643.80021682,34291,767.88018300,35992523.22930499,0
1614302100000,46988.90000000,47479.06000000,46739.07000000,47153.56000000,1410.52481500,1614302999999,66568535.03535276,32026,645.27335300,30449047.84365681,0
1614303000000,47153.56000000,47390.23000000,46670.00000000,47079.16000000,1382.18803000,1614303899999,64988503.34636775,32475,611.62709400,28760076.42385824,0
1614303900000,47079.16000000,47086.83000000,46240.84000000,46480.48000000,1824.69745300,1614304799999,84880442.89976068,38087,772.30835300,35928904.55297820,0
1614304800000,46480.48000000,46915.33000000,46124.74000000,46810.00000000,1387.75859800,1614305699999,64621961.89915863,30150,615.24566200,28651405.23490627,0
1614305700000,46821.22000000,47393.93000000,46804.10000000,47270.15000000,1105.52864500,1614306599999,52053112.77968084,22584,583.05885000,27459508.82641255,0
1614306600000,47270.15000000,47800.00000000,46778.79000000,47756.44000000,1484.52999800,1614307499999,70144628.16640337,32837,822.27440100,38869461.27925104,0
1614307500000,47728.16000000,47766.49000000,47315.01000000,47343.51000000,1262.49051300,1614308399999,59981954.40480784,28314,707.28943600,33607347.08600532,0
1614308400000,47343.50000000,47695.77000000,46639.24000000,46728.53000000,1335.69960200,1614309299999,62958043.01568114,26718,593.91444800,28027223.81028808,0
1614309300000,46728.53000000,47380.00000000,46716.61000000,47377.63000000,801.48465300,1614310199999,37706584.43221154,18277,398.85778200,18770402.89384586,0
1614310200000,47377.63000000,47505.15000000,46991.71000000,47235.96000000,703.31461500,1614311099999,33246819.62836921,16579,358.35497300,16945722.24506402,0
1614311100000,47239.73000000,47510.20000000,47123.23000000,47330.24000000,672.13643400,1614311999999,31852909.54908615,12614,327.61148900,15525065.47963575,0
1614312000000,47331.34000000,47746.45000000,47331.34000000,47439.79000000,731.11502000,1614312899999,34784396.10209442,17920,371.25595900,17664818.41547301,0
1614312900000,47441.60000000,47786.50000000,47224.77000000,47486.42000000,686.31557700,1614313799999,32605120.18510574,16170,335.30051300,15930489.11842573,0
1614313800000,47489.14000000,47545.69000000,47030.00000000,47098.34000000,686.51757100,1614314699999,32435773.79775365,15831,328.70472300,15531607.08057141,0
1614314700000,47098.34000000,47155.46000000,46806.49000000,47025.06000000,735.27127100,1614315599999,34534945.77647952,17266,368.98602200,17328747.19353732,0
1614315600000,47028.80000000,47207.40000000,46510.01000000,46700.01000000,1063.47912400,1614316499999,49708302.05092983,21269,517.61021700,24196885.01672214,0
1614316500000,46700.00000000,46972.81000000,46412.36000000,46650.90000000,808.23086300,1614317399999,37743453.31275360,18490,433.44170000,20241629.65385952,0
1614317400000,46650.90000000,46844.49000000,46202.64000000,46223.88000000,1035.58295000,1614318299999,48050387.26586674,22577,487.62628800,22631266.93751559,0
1614318300000,46223.69000000,46414.31000000,45502.69000000,45517.53000000,2321.09527100,1614319199999,106407552.69200693,44137,954.79738200,43785257.52073395,0
1614319200000,45524.35000000,46276.97000000,45512.02000000,46107.44000000,1218.24739700,1614320099999,56015175.87165936,27233,647.03272600,29746870.36983425,0
1614320100000,46107.47000000,46500.00000000,45738.86000000,45828.47000000,1100.39871800,1614320999999,50771270.52860664,24430,537.07372500,24787115.17733598,0
1614321000000,45831.58000000,46299.61000000,45766.93000000,46048.53000000,835.21071100,1614321899999,38475798.65561585,20751,445.68533400,20530186.39630863,0
1614321900000,46048.52000000,46485.63000000,45942.22000000,46093.07000000,740.80874200,1614322799999,34241428.95235227,20294,374.83115900,17328526.05665084,0
1614322800000,46098.99000000,46430.02000000,46022.99000000,46046.82000000,806.26709900,1614323699999,37294019.10912326,17598,353.12880800,16333412.57149369,0
1614323700000,46046.82000000,46090.50000000,45000.00000000,45381.11000000,3518.69146200,1614324599999,159609959.84396619,56028,1291.57000800,58605706.14247728,0
1614324600000,45381.11000000,45675.00000000,44230.64000000,44397.85000000,3944.09461800,1614325499999,176474548.43397281,64306,1803.26791100,80718895.96425197,0
1614325500000,44399.99000000,44993.99000000,44106.78000000,44973.68000000,2574.35903700,1614326399999,114683913.08986262,44914,1311.64742100,58444109.54980339,0
1614326400000,44986.99000000,45528.62000000,44939.19000000,45434.57000000,2072.56778400,1614327299999,93746953.88729738,40161,1181.64684300,53457202.54142106,0
1614327300000,45434.57000000,45889.97000000,45075.94000000,45655.11000000,1471.12900100,1614328199999,66912570.21676707,29441,755.81301900,34381972.73578814,0
1614328200000,45658.21000000,45950.00000000,45501.11000000,45694.47000000,1119.91738400,1614329099999,51241556.87165286,22274,565.43862300,25868551.89728535,0
1614329100000,45704.98000000,45935.83000000,45555.01000000,45727.74000000,896.92301100,1614329999999,40998405.55564820,21117,537.40258400,24561221.84049121,0
1614330000000,45727.75000000,46626.35000000,45325.00000000,46334.34000000,2341.48858400,1614330899999,107943405.74053498,46360,1102.45144800,50854693.13617556,0
1614330900000,46334.22000000,46417.18000000,45900.43000000,45922.10000000,1361.14425700,1614331799999,62816701.18222107,24151,677.51176200,31265169.64690395,0
1614331800000,45922.09000000,46181.96000000,45800.00000000,46092.24000000,1227.58429900,1614332699999,56417471.13079259,22090,533.07987400,24512783.29600856,0
1614332700000,46083.33000000,46621.11000000,45986.00000000,46410.76000000,1297.82849800,1614333599999,60211782.48445779,28276,640.75677800,29725021.00085966,0
1614333600000,46410.76000000,46615.76000000,46168.00000000,46411.45000000,765.28745300,1614334499999,35519084.76384410,19698,379.37494500,17610145.52328054,0
1614334500000,46406.74000000,46838.00000000,46168.00000000,46628.33000000,1184.20733600,1614335399999,55166826.74044037,23959,546.62657200,25455470.66822818,0
1614335400000,46632.54000000,46880.40000000,46518.00000000,46579.39000000,1103.65950700,1614336299999,51521779.51404783,22440,570.67359500,26643169.85562640,0
1614336300000,46568.55000000,46714.00000000,46347.67000000,46706.85000000,692.11203900,1614337199999,32188637.06235743,17239,358.43406700,16669996.40803219,0
1614337200000,46704.75000000,46850.00000000,46387.75000000,46409.55000000,564.53662200,1614338099999,26333999.52960701,14734,269.73049400,12585797.98514341,0
1614338100000,46409.55000000,46487.18000000,45982.57000000,46207.53000000,1088.87697500,1614338999999,50301966.26102628,20945,545.92084700,25219060.89504142,0
1614339000000,46206.94000000,46329.32000000,45662.94000000,45783.26000000,910.59679100,1614339899999,41894508.27599146,20051,427.62822400,19677914.19424086,0
1614339900000,45797.20000000,46474.73000000,45719.50000000,46427.65000000,755.24912400,1614340799999,34848123.99035794,18850,408.86975900,18862551.83443486,0
1614340800000,46427.65000000,46729.34000000,46315.08000000,46427.71000000,899.88562600,1614341699999,41895292.68124498,18135,425.69799100,19818861.19148373,0
1614341700000,46428.80000000,47150.00000000,46407.97000000,47085.06000000,1138.98322800,1614342599999,53446972.52110796,23474,624.19634800,29290604.01881967,0
1614342600000,47085.07000000,47266.34000000,46822.11000000,47067.59000000,870.45971100,1614343499999,40938632.05277982,19359,449.93583200,21165290.48388832,0
1614343500000,47061.40000000,47067.98000000,46710.19000000,46823.39000000,575.92404400,1614344399999,26999036.05672363,12881,269.79167900,12646660.73888126,0
1614344400000,46823.38000000,46999.77000000,46281.13000000,46531.10000000,833.70057500,1614345299999,38812927.72664679,18510,436.68156100,20332028.85824934,0
1614345300000,46531.10000000,46691.73000000,46102.58000000,46166.14000000,1000.84514800,1614346199999,46414510.30052948,17016,486.23061700,22539909.95393086,0
1614346200000,46176.41000000,46499.99000000,46093.00000000,46182.55000000,813.68637800,1614347099999,37658905.90073093,17358,470.83110300,21789725.13239260,0
1614347100000,46182.55000000,46618.16000000,45800.00000000,45958.41000000,945.44656800,1614347999999,43750078.52262064,21466,482.19573100,22334312.24467623,0
1614348000000,45958.41000000,46443.92000000,45828.37000000,46072.31000000,1004.65590400,1614348899999,46374654.16155102,21982,552.36988800,25500247.58461497,0
1614348900000,46074.61000000,46896.71000000,45931.35000000,46799.95000000,909.88390100,1614349799999,42334551.53364935,22519,515.07058200,23974838.64657055,0
1614349800000,46799.96000000,47429.00000000,46799.95000000,47356.81000000,1622.08527100,1614350699999,76468442.83337055,29894,888.78658100,41902296.19752053,0
1614350700000,47357.21000000,47400.00000000,46832.12000000,46868.98000000,972.27178800,1614351599999,45783953.23093417,20840,471.36477700,22199596.50284505,0
1614351600000,46869.59000000,46900.00000000,46334.09000000,46571.96000000,1240.21959500,1614352499999,57795321.85304158,23398,646.18717100,30114344.16994528,0
1614352500000,46572.18000000,46778.99000000,46333.00000000,46340.30000000,917.12544900,1614353399999,42710538.17259029,17235,432.65328500,20150221.67382128,0
1614353400000,46340.29000000,47600.00000000,46339.96000000,47486.16000000,1620.64877700,1614354299999,76449785.96095690,30241,892.25976400,42087000.73352518,0
1614354300000,47486.28000000,47853.13000000,47486.28000000,47594.65000000,1392.13086700,1614355199999,66375430.25856039,24845,736.63416300,35124963.67059486,0
1614355200000,47590.66000000,48051.00000000,47450.00000000,47735.77000000,1703.65403900,1614356099999,81431971.96439768,30207,957.93797600,45802704.22678684,0
1614356100000,47730.12000000,48219.08000000,47613.62000000,47862.29000000,1298.22737800,1614356999999,62200268.69491109,28900,663.38296300,31790023.67314167,0
1614357000000,47862.28000000,47999.00000000,47715.71000000,47722.01000000,700.65494600,1614357899999,33546747.28776642,18406,331.85660100,15890272.51519809,0
1614357900000,47722.01000000,48179.99000000,47556.00000000,48127.26000000,853.62594300,1614358799999,40859769.51627251,19565,423.34302900,20264181.09099684,0
1614358800000,48127.26000000,48424.11000000,48011.84000000,48061.74000000,1207.17247200,1614359699999,58240405.89017898,30425,560.22922200,27034772.76998644,0
1614359700000,48059.34000000,48076.32000000,47725.12000000,47815.39000000,642.21901800,1614360599999,30765538.41193878,22602,304.28262700,14577958.20312405,0
1614360600000,47815.40000000,48089.60000000,47600.00000000,47746.74000000,731.26803900,1614361499999,34991128.05349832,23591,348.74942100,16689812.20422897,0
1614361500000,47749.41000000,47855.36000000,47542.20000000,47660.98000000,675.24665300,1614362399999,32187024.05261981,20960,303.38374800,14464879.68467683,0
1614362400000,47659.96000000,47873.24000000,47655.98000000,47768.68000000,439.11694800,1614363299999,20980499.58935061,13523,198.30191400,9473648.78527929,0
1614363300000,47768.68000000,47845.80000000,47360.42000000,47381.20000000,720.95333300,1614364199999,34272147.47161675,18278,340.46878400,16185496.50074644,0
1614364200000,47381.21000000,47790.00000000,47370.01000000,47738.15000000,654.99538400,1614365099999,31146760.36659381,18265,375.45687300,17852287.84592239,0
1614365100000,47740.59000000,47750.00000000,47269.99000000,47317.09000000,658.65824000,1614365999999,31280731.37436101,17282,347.14441200,16488333.44170066,0
1614366000000,47317.09000000,47478.07000000,47033.27000000,47256.71000000,783.78703700,1614366899999,37022453.49460448,19695,442.34852400,20894581.10628636,0
1614366900000,47258.47000000,47348.02000000,47100.15000000,47210.29000000,606.55150100,1614367799999,28652054.96930858,16847,350.49704000,16557035.58688832,0
1614367800000,47210.29000000,47268.16000000,46602.62000000,46641.27000000,1144.26325300,1614368699999,53671179.93679883,25307,554.95720200,26031521.72390780,0
1614368700000,46638.72000000,47099.76000000,46628.49000000,46959.17000000,807.67508900,1614369599999,37873452.21391128,19818,427.43371200,20042526.74646415,0
1614369600000,46959.18000000,47115.38000000,46784.48000000,46821.43000000,775.23330400,1614370499999,36428383.10661670,16941,341.91533400,16062415.52941588,0
1614370500000,46822.60000000,46963.19000000,46100.00000000,46178.09000000,1135.75194900,1614371399999,52768233.16279416,25586,554.53775100,25773626.27947205,0
1614371400000,46187.10000000,46711.00000000,46071.89000000,46588.57000000,925.62527100,1614372299999,42911077.39785475,20328,491.93624100,22797557.09531119,0
1614372300000,46588.03000000,46937.39000000,46239.40000000,46270.00000000,677.68734300,1614373199999,31619880.01890975,17982,345.40277900,16121505.04367538,0
1614373200000,46270.00000000,46686.01000000,46056.00000000,46384.69000000,823.05049000,1614374099999,38170628.16357098,19688,420.02450900,19485776.57003912,0
1614374100000,46384.69000000,46867.00000000,46304.80000000,46773.99000000,639.93836500,1614374999999,29823840.73111521,17904,331.40067700,15444123.38083828,0
1614375000000,46773.00000000,46833.33000000,46284.78000000,46465.84000000,617.32118800,1614375899999,28733724.49006977,14500,296.51589800,13801462.01514358,0
1614375900000,46455.58000000,46455.58000000,45500.00000000,45677.46000000,1751.38013900,1614376799999,80445465.38847930,33049,758.84485600,34853707.88337541,0
1614376800000,45680.00000000,45791.58000000,45119.93000000,45157.49000000,1348.80518400,1614377699999,61262167.96718858,34147,642.11189900,29169273.77507727,0
1614377700000,45157.49000000,45966.85000000,45000.00000000,45746.23000000,1838.74672900,1614378599999,83829326.89721920,42691,974.13234900,44483289.73176885,0
1614378600000,45758.35000000,45958.85000000,45369.69000000,45865.03000000,699.48996300,1614379499999,31979824.15687221,26535,360.60538100,16487387.51871340,0
1614379500000,45865.03000000,45988.77000000,45472.63000000,45476.30000000,513.93341500,1614380399999,23476077.59269560,20554,228.09933900,10419227.27291881,0
1614380400000,45476.30000000,46133.00000000,45368.74000000,45991.32000000,700.77757500,1614381299999,32123515.48813345,17653,321.38259800,14734289.79737685,0
1614381300000,45992.41000000,46375.00000000,45716.76000000,46214.23000000,923.46264800,1614382199999,42566587.30875955,18468,387.74805500,17870877.85198056,0
1614382200000,46235.10000000,46420.00000000,46112.28000000,46274.58000000,484.38075500,1614383099999,22411470.99469360,12845,206.79929300,9569595.69781188,0
1614383100000,46277.50000000,46444.57000000,46122.00000000,46276.87000000,463.24480700,1614383999999,21441193.41335649,11351,162.41859300,7517403.45690708,0
1614384000000,46276.88000000,46920.00000000,46156.24000000,46674.94000000,1029.95657300,1614384899999,48020117.43875535,23396,473.17581000,22059025.53300748,0
1614384900000,46685.55000000,46952.37000000,46465.85000000,46720.95000000,622.56712500,1614385799999,29050519.48070173,19130,301.78159400,14083506.82573425,0
1614385800000,46721.83000000,47266.00000000,46499.99000000,47150.01000000,1144.95208000,1614386699999,53849581.15861342,26750,547.00975100,25725082.43869918,0
1614386700000,47151.24000000,47568.18000000,47081.54000000,47525.07000000,736.82421300,1614387599999,34883407.76290573,17304,343.04851600,16243025.75022995,0
1614387600000,47523.34000000,47775.00000000,47334.58000000,47453.79000000,839.80939400,1614388499999,39927439.67227498,20896,408.19043200,19411377.25707865,0
1614388500000,47453.80000000,47655.29000000,47331.54000000,47565.15000000,610.34423400,1614389399999,28974623.30192293,14519,325.67072700,15462383.62716572,0
1614389400000,47565.15000000,47960.00000000,47415.16000000,47789.72000000,762.97404500,1614390299999,36420877.99789629,18157,407.86207800,19475012.97475288,0
1614390300000,47789.71000000,47940.00000000,47686.29000000,47761.97000000,631.86041500,1614391199999,30191601.94529635,12723,279.52828900,13355365.49997478,0
1614391200000,47761.97000000,47920.65000000,47518.38000000,47692.63000000,1362.04396200,1614392099999,65013220.55149709,18997,616.98457500,29449303.53586438,0
1614392100000,47692.63000000,47789.72000000,47551.12000000,47739.43000000,901.53439300,1614392999999,43007450.70344383,17640,403.11655400,19229335.84004486,0
1614393000000,47739.43000000,48085.47000000,47480.00000000,47494.52000000,1070.61062000,1614393899999,51239894.34715970,21416,569.01662100,27238273.22713231,0
1614393900000,47493.03000000,47614.13000000,47186.00000000,47375.34000000,1122.41188000,1614394799999,53196858.60994006,20316,599.95391400,28425987.86351015,0
1614394800000,47375.34000000,47742.88000000,47158.26000000,47673.90000000,647.60744900,1614395699999,30718903.17892584,16370,357.67680100,16972453.80964192,0
1614395700000,47672.98000000,47924.99000000,47346.16000000,47487.24000000,638.62304200,1614396599999,30449858.31514193,14837,292.09722300,13924843.41491729,0
1614396600000,47487.24000000,47843.55000000,47487.24000000,47622.56000000,576.05467100,1614397499999,27447004.21524518,12092,341.29721200,16262558.42729579,0
1614397500000,47622.56000000,47937.03000000,47423.07000000,47423.08000000,799.03677500,1614398399999,38138237.62109079,14563,414.71783100,19795004.60601372,0
1614398400000,47423.07000000,47739.48000000,47278.54000000,47384.38000000,674.03395900,1614399299999,32013706.32154892,15614,329.37027700,15640675.21783584,0
1614399300000,47384.37000000,47793.02000000,47287.16000000,47746.29000000,484.15302600,1614400199999,23031987.24743250,14292,267.26264800,12713430.86105895,0
1614400200000,47746.29000000,47808.76000000,47538.54000000,47743.81000000,466.07525400,1614401099999,22229498.28712019,11687,253.22975100,12078178.57905774,0
1614401100000,47743.51000000,47918.40000000,47653.00000000,47657.47000000,436.64742000,1614401999999,20868116.45688583,11632,216.27223700,10338755.86868361,0
1614402000000,47657.48000000,47955.58000000,47517.87000000,47700.94000000,560.35357900,1614402899999,26770084.68965412,13884,300.84197200,14375329.24360565,0
1614402900000,47700.94000000,47730.00000000,47467.16000000,47573.28000000,522.54874100,1614403799999,24861733.40114309,11735,235.94118300,11225557.74587229,0
1614403800000,47572.77000000,47772.03000000,47460.21000000,47724.35000000,506.96728300,1614404699999,24137000.65983356,12291,302.38818000,14397677.59435563,0
1614404700000,47724.35000000,47831.16000000,47529.51000000,47803.71000000,405.48017100,1614405599999,19344933.56272907,11649,211.18268300,10074790.49759925,0
1614405600000,47799.68000000,47910.00000000,47652.44000000,47701.12000000,462.22989200,1614406499999,22094855.22537651,11637,257.32070600,12301499.86992514,0
1614406500000,47701.12000000,47753.28000000,47600.20000000,47708.31000000,265.82965400,1614407399999,12675154.13577581,9397,141.68474000,6755614.63516852,0
1614407400000,47703.80000000,48394.00000000,47703.80000000,48332.20000000,1124.21232300,1614408299999,54074101.57566686,24446,655.27260200,31514065.84279185,0
1614408300000,48328.25000000,48333.00000000,47527.33000000,47566.60000000,802.59933500,1614409199999,38509492.59326200,21491,350.77023000,16839488.46255639,0
1614409200000,47560.69000000,47626.26000000,46712.18000000,47187.04000000,1458.04671000,1614410099999,68781213.71029043,37038,580.93137200,27411858.60249822,0
1614410100000,47186.44000000,47433.23000000,47121.57000000,47359.38000000,692.64693700,1614410999999,32762718.18679245,24385,288.30152300,13633580.43229541,0
1614411000000,47359.39000000,47370.26000000,47007.75000000,47069.62000000,488.60761500,1614411899999,23040806.12056506,20830,252.83586600,11922290.01511498,0
1614411900000,47069.62000000,47274.61000000,46942.67000000,47158.53000000,501.31696800,1614412799999,23635132.14770679,20942,240.47744700,11338232.08878907,0
1614412800000,47153.01000000,47284.74000000,47068.92000000,47162.23000000,520.62062800,1614413699999,24566230.56431489,14223,255.15600600,12041673.31303303,0
1614413700000,47162.23000000,47228.95000000,46511.00000000,46552.38000000,920.99084100,1614414599999,43118986.32847139,23951,432.91713400,20263244.53947198,0
1614414600000,46552.39000000,46762.28000000,46400.00000000,46732.19000000,761.34372700,1614415499999,35489076.14395440,18163,364.01222900,16969902.35457411,0
1614415500000,46732.27000000,46791.00000000,46380.00000000,46620.50000000,657.20991700,1614416399999,30624747.18238355,16195,325.66210300,15176608.20922488,0
1614416400000,46620.83000000,46629.47000000,46300.00000000,46478.19000000,567.63318200,1614417299999,26365485.84605043,16483,293.95222400,13654262.42427739,0
1614417300000,46478.19000000,46827.73000000,46400.14000000,46566.89000000,615.22185700,1614418199999,28713526.28293498,17289,308.86688000,14414097.78300630,0
1614418200000,46566.90000000,46699.45000000,46224.84000000,46363.12000000,697.36274700,1614419099999,32368525.32233742,18008,333.15184400,15463601.79398851,0
1614419100000,46363.12000000,46752.87000000,46322.34000000,46671.04000000,696.12730600,1614419999999,32414917.67568875,17852,366.30197900,17057733.57918447,0
1614420000000,46671.04000000,47050.23000000,46601.01000000,46727.07000000,797.42432600,1614420899999,37385838.70983627,20881,425.58218800,19951004.94397142,0
1614420900000,46730.58000000,46968.34000000,46667.07000000,46832.04000000,674.21215200,1614421799999,31592945.09246304,17880,368.65567000,17276206.75283290,0
1614421800000,46831.05000000,46956.80000000,46733.91000000,46925.83000000,529.93579900,1614422699999,24807819.00686989,16339,249.56623000,11684193.82617319,0
1614422700000,46925.84000000,47099.97000000,46772.47000000,46775.51000000,598.95270400,1614423599999,28113323.40163469,18119,277.18787000,13012586.90679604,0
1614423600000,46775.68000000,46958.34000000,46690.00000000,46799.01000000,571.29826700,1614424499999,26750093.09425876,21322,272.52118400,12761390.25135741,0
1614424500000,46799.01000000,47361.00000000,46790.40000000,47274.79000000,684.58225600,1614425399999,32303261.47329629,25677,347.32045500,16387079.41324824,0
1614425400000,47274.79000000,47640.03000000,47219.36000000,47446.72000000,819.59968700,1614426299999,38931594.70070143,28463,411.52853700,19549075.65924685,0
1614426300000,47446.72000000,47488.07000000,47150.07000000,47299.99000000,689.73216600,1614427199999,32640924.62043625,22756,303.49944700,14363865.44068017,0
1614427200000,47299.99000000,47458.29000000,47164.26000000,47378.01000000,526.76493600,1614428099999,24932261.76352365,21029,277.37130200,13128375.92565047,0
1614428100000,47376.77000000,47456.63000000,46735.63000000,47017.04000000,886.31826200,1614428999999,41652177.45758344,28171,423.03117200,19870336.78018575,0
1614429000000,47017.03000000,47800.00000000,46847.95000000,47554.47000000,1282.87427400,1614429899999,60960810.16653198,33759,696.03393900,33077929.98203887,0
1614429900000,47554.65000000,47560.99000000,47318.53000000,47429.99000000,590.12252200,1614430799999,27978787.30240863,21600,322.70367200,15299134.88521686,0
1614430800000,47430.00000000,47543.96000000,47283.91000000,47378.35000000,517.73384400,1614431699999,24542586.43479608,14925,257.49412900,12206555.25120177,0
1614431700000,47378.36000000,47609.96000000,47058.82000000,47559.73000000,756.77908600,1614432599999,35874865.87792247,20244,351.72502100,16672335.70832625,0
1614432600000,47570.68000000,47623.62000000,47269.23000000,47517.47000000,516.52621200,1614433499999,24502147.46911105,15222,260.95107800,12378899.91926092,0
1614433500000,47517.48000000,47700.00000000,47416.67000000,47441.91000000,567.33798600,1614434399999,26980797.45837703,17380,294.96372700,14029043.57134448,0
1614434400000,47441.91000000,47620.00000000,47315.80000000,47469.98000000,564.53936000,1614435299999,26799617.11933744,16423,275.85236300,13094718.80840531,0
1614435300000,47469.98000000,47526.31000000,47210.52000000,47254.51000000,610.56643700,1614436199999,28889299.36214990,15250,291.40538900,13786254.34018169,0
1614436200000,47254.50000000,47259.76000000,46836.00000000,46883.89000000,967.01581800,1614437099999,45454201.24031302,23373,419.22581700,19703940.06272703,0
1614437100000,46883.90000000,47097.41000000,46868.60000000,47079.64000000,424.83333900,1614437999999,19969057.15210953,13061,201.32790500,9463181.03325729,0
1614438000000,47078.23000000,47232.53000000,46992.42000000,47199.52000000,401.53910100,1614438899999,18924524.24247757,12960,208.82035100,9841020.49007258,0
1614438900000,47199.52000000,47378.92000000,47001.00000000,47060.84000000,569.34353300,1614439799999,26869640.78835371,16666,287.29398700,13560126.96677744,0
1614439800000,47049.82000000,47060.82000000,46337.53000000,46556.51000000,1591.03756400,1614440699999,74159883.44007504,28956,749.34993500,34928308.38255476,0
1614440700000,46556.66000000,46750.00000000,46399.42000000,46528.64000000,720.04246100,1614441599999,33548237.61929602,16428,346.41217100,16138713.14741581,0
1614441600000,46528.82000000,46808.11000000,46271.00000000,46755.93000000,865.19974400,1614442499999,40308231.80480732,20211,379.12688900,17671523.46356119,0
1614442500000,46755.93000000,46947.31000000,46680.06000000,46944.39000000,595.62712800,1614443399999,27884004.64602611,18169,289.18872100,13539973.43785348,0
1614443400000,46940.51000000,46949.96000000,46615.46000000,46842.61000000,406.88489900,1614444299999,19035108.21557852,12118,174.47964500,8163625.52550995,0
1614444300000,46837.28000000,46929.62000000,46725.93000000,46883.19000000,385.74916100,1614445199999,18071391.71186079,13474,203.45573300,9532022.59087421,0
1614445200000,46883.19000000,46929.99000000,46700.00000000,46876.95000000,406.83091900,1614446099999,19050223.71789956,13768,181.46999900,8497482.78467809,0
1614446100000,46877.54000000,47177.00000000,46851.37000000,46997.11000000,503.74516700,1614446999999,23696118.05847416,14433,245.05062800,11527005.96798250,0
1614447000000,46995.86000000,47080.92000000,46823.14000000,46909.47000000,332.32211400,1614447899999,15604558.19148711,11270,158.75981300,7454155.58470404,0
1614447900000,46909.47000000,47075.97000000,46823.42000000,47042.53000000,429.34211500,1614448799999,20164566.82883029,11740,220.00538400,10331872.97849548,0
1614448800000,47041.13000000,47150.01000000,46900.00000000,46972.84000000,460.38565700,1614449699999,21659980.78082449,12079,203.76058700,9586133.92185755,0
1614449700000,46972.85000000,47086.19000000,46901.52000000,47042.11000000,237.06985800,1614450599999,11138748.70043689,8708,127.98312400,6013219.69750817,0
1614450600000,47042.11000000,47329.17000000,47040.81000000,47251.98000000,519.45794700,1614451499999,24527726.84265905,15424,296.06360400,13978421.83805709,0
1614451500000,47251.99000000,47309.89000000,47100.00000000,47136.30000000,240.82991700,1614452399999,11360606.79275024,10581,102.05465600,4814169.40974731,0
1614452400000,47136.29000000,47450.26000000,47028.59000000,47397.89000000,539.17296100,1614453299999,25492014.56597429,19338,304.21354700,14384604.93417606,0
1614453300000,47397.88000000,47397.89000000,47068.17000000,47184.17000000,441.21333400,1614454199999,20842295.90637528,15506,174.23885700,8233227.59626362,0
1614454200000,47184.17000000,47284.97000000,47159.59000000,47256.95000000,290.77222800,1614455099999,13732293.54042652,11326,138.52148000,6542177.02395986,0
1614455100000,47256.95000000,47450.00000000,47254.40000000,47405.39000000,413.77647700,1614455999999,19591635.61016896,14761,217.02983300,10276652.73560306,0
1614456000000,47405.38000000,47557.14000000,47180.01000000,47260.85000000,482.28452600,1614456899999,22845130.23894583,16345,277.95763300,13171055.53970671,0
1614456900000,47260.84000000,47400.00000000,47236.03000000,47324.96000000,311.77511100,1614457799999,14759214.54307471,11852,171.93643400,8138722.29124870,0
1614457800000,47324.96000000,47388.46000000,46903.93000000,46997.19000000,622.78845000,1614458699999,29369187.69612085,16307,298.54107500,14075942.29820140,0
1614458700000,46997.19000000,47244.39000000,46900.00000000,47081.07000000,451.97938500,1614459599999,21272652.87829663,13629,250.30360600,11782025.88185590,0
1614459600000,47083.43000000,47170.00000000,46907.19000000,47114.99000000,550.83719100,1614460499999,25944250.69008798,13209,225.08908700,10605218.40576365,0
1614460500000,47114.99000000,47154.02000000,46940.23000000,47048.75000000,309.91301700,1614461399999,14579189.82530289,10941,146.79642900,6906460.36477793,0
1614461400000,47052.47000000,47098.12000000,46596.01000000,46728.01000000,585.38354700,1614462299999,27428558.89122063,15910,258.62715900,12120522.00790495,0
1614462300000,46725.96000000,46850.64000000,46534.13000000,46825.30000000,523.84922400,1614463199999,24466277.37175645,13076,248.56008400,11608096.61537878,0
1614463200000,46825.30000000,46870.31000000,46554.32000000,46589.57000000,519.94722200,1614464099999,24280435.93943838,15068,249.35483500,11646185.74184854,0
1614464100000,46580.21000000,46595.10000000,46215.71000000,46337.28000000,794.80148800,1614464999999,36889933.98003434,24469,320.05531200,14856328.69597206,0
1614465000000,46333.74000000,46697.49000000,46323.94000000,46551.04000000,324.28860700,1614465899999,15088448.17081625,11845,165.25196500,7689416.33978925,0
1614465900000,46551.18000000,46567.65000000,45742.00000000,45828.43000000,954.29559700,1614466799999,44020046.83883090,26179,379.71494100,17519891.13767265,0
1614466800000,45828.44000000,45963.73000000,45401.01000000,45425.79000000,2006.59940900,1614467699999,91533763.97971754,47585,843.20916900,38474786.80763390,0
1614467700000,45425.77000000,45629.01000000,45000.00000000,45170.47000000,2115.64334500,1614468599999,95729212.19108430,45455,850.70769600,38501637.74659106,0
1614468600000,45174.49000000,45795.00000000,45088.70000000,45710.38000000,1490.72564800,1614469499999,67862378.16538009,33831,695.51267500,31667592.98086593,0
1614469500000,45717.04000000,46441.41000000,45680.85000000,46106.43000000,1302.76086400,1614470399999,60082930.27369106,28009,624.94376400,28822989.96959893,0
1614470400000,46103.67000000,46360.98000000,45588.11000000,46142.23000000,1292.43643800,1614471299999,59354712.94666972,28392,674.90877500,30991008.67174502,0
1614471300000,46135.01000000,46582.26000000,46130.00000000,46255.95000000,908.22796100,1614472199999,42119716.10870039,18248,514.96521600,23879576.40052828,0
1614472200000,46252.91000000,46390.68000000,46010.00000000,46128.20000000,491.11520100,1614473099999,22676341.79108723,13929,210.43296500,9717354.71660273,0
1614473100000,46128.21000000,46638.46000000,46112.71000000,46345.94000000,478.01754600,1614473999999,22192474.58929044,12553,259.28003800,12036369.79451621,0
1614474000000,46345.93000000,46533.36000000,46196.82000000,46458.13000000,380.92770700,1614474899999,17673641.95921712,11456,182.04947100,8446688.45412567,0
1614474900000,46457.88000000,46600.00000000,46252.97000000,46469.65000000,445.70164600,1614475799999,20712153.84652295,11071,237.79051300,11053865.03210068,0
1614475800000,46462.30000000,46489.21000000,46100.00000000,46277.27000000,647.84630000,1614476699999,29977640.36959950,13596,299.60866200,13869174.58135909,0
1614476700000,46282.46000000,46529.33000000,46226.70000000,46442.50000000,432.67074700,1614477599999,20083526.38743961,10712,250.11127400,11611025.76889502,0
1614477600000,46439.20000000,46518.68000000,46135.59000000,46181.35000000,463.14517500,1614478499999,21459851.94866379,12373,189.72787000,8794107.92016477,0
1614478500000,46181.35000000,46225.06000000,45694.38000000,45845.70000000,840.85300800,1614479399999,38611160.60535883,21275,378.08653600,17365840.74414079,0
1614479400000,45845.70000000,45981.79000000,45500.00000000,45511.99000000,646.61963300,1614480299999,29574076.62687696,16754,294.48365600,13474146.56220241,0
1614480300000,45512.00000000,45643.00000000,45220.28000000,45397.23000000,893.85625800,1614481199999,40608784.07031677,20899,433.58880900,19697732.93369931,0
1614481200000,45397.97000000,45561.10000000,45113.00000000,45449.53000000,992.28793900,1614482099999,44989844.04837172,21409,497.62903600,22565746.62807417,0
1614482100000,45449.53000000,45684.56000000,45212.00000000,45388.83000000,763.68729700,1614482999999,34709251.46424641,17855,365.56602400,16615245.68834431,0
1614483000000,45389.16000000,45511.42000000,44555.00000000,44673.14000000,1955.88366300,1614483899999,87904822.94333699,36362,781.78987900,35137605.33740283,0
1614483900000,44673.14000000,45110.00000000,44444.00000000,44629.17000000,1697.45618400,1614484799999,75961833.81434339,31487,814.11231400,36446844.43949887,0
1614484800000,44632.70000000,44868.15000000,44267.48000000,44597.39000000,1488.56809100,1614485699999,66350495.23371229,30035,726.94460100,32416762.41596841,0
1614485700000,44597.39000000,44936.18000000,44501.00000000,44644.48000000,853.54435300,1614486599999,38212286.95481110,18359,436.13792500,19526533.99943027,0
1614486600000,44650.40000000,45100.00000000,44624.79000000,44823.05000000,659.86287500,1614487499999,29627560.72946552,16040,345.37034500,15506904.52924363,0
1614487500000,44823.05000000,44912.90000000,44322.00000000,44384.14000000,742.74658900,1614488399999,33182574.64572497,16732,355.72368100,15894347.06153055,0
1614488400000,44384.38000000,44967.25000000,44200.00000000,44875.61000000,1084.32428500,1614489299999,48310209.02525692,24111,475.36793000,21217744.37627940,0
1614489300000,44875.61000000,45600.00000000,44740.44000000,45075.05000000,1406.81790700,1614490199999,63496786.37126986,27413,835.56620400,37716978.11202755,0
1614490200000,45074.68000000,45300.00000000,44812.42000000,44850.02000000,833.19807500,1614491099999,37545016.50252945,17333,346.62056100,15626255.82616829,0
1614491100000,44850.02000000,44890.76000000,44503.13000000,44791.27000000,740.74858400,1614491999999,33121008.72235776,19319,367.97193300,16456036.49094441,0
1614492000000,44791.27000000,44820.00000000,43738.65000000,43905.71000000,2674.07021300,1614492899999,118032521.03984073,51406,1165.50842100,51462123.08330428,0
1614492900000,43905.72000000,44898.70000000,43807.51000000,44875.53000000,1637.98669200,1614493799999,72823230.65070543,32488,874.47283700,38871357.50272699,0
1614493800000,44875.53000000,44977.05000000,44437.94000000,44636.92000000,818.93891600,1614494699999,36619650.24439690,19569,411.49538100,18394850.49169317,0
1614494700000,44636.92000000,44795.91000000,44328.27000000,44372.43000000,930.42985400,1614495599999,41463138.53133347,20414,534.86366900,23836204.11614565,0
1614495600000,44379.68000000,44633.59000000,44099.99000000,44358.16000000,1091.13472100,1614496499999,48386202.60098194,24571,543.31114300,24097052.28338668,0
1614496500000,44365.47000000,44783.29000000,44350.00000000,44545.56000000,754.78522900,1614497399999,33674478.18103183,16230,393.73667200,17566143.07289701,0
1614497400000,44545.56000000,44638.97000000,44217.26000000,44326.13000000,570.50265900,1614498299999,25324708.74349008,15321,277.91010100,12338852.97173077,0
1614498300000,44326.12000000,44750.00000000,44275.00000000,44400.83000000,581.29469400,1614499199999,25876182.35391204,15230,294.50940400,13110730.90910022,0
1614499200000,44400.83000000,44899.95000000,44375.02000000,44686.68000000,832.12262400,1614500099999,37222783.64274163,20509,437.47713100,19570462.43287658,0
1614500100000,44686.68000000,45100.00000000,44568.48000000,45095.79000000,975.14848500,1614500999999,43749766.34417533,18023,516.70597700,23187061.27137970,0
1614501000000,45079.87000000,45273.68000000,44800.00000000,44944.99000000,893.49099200,1614501899999,40230297.35611713,19410,473.78577400,21333124.93711125,0
1614501900000,44942.00000000,44942.00000000,44766.92000000,44856.61000000,522.17393800,1614502799999,23418390.21116419,11980,244.76124200,10977336.89781698,0
1614502800000,44856.61000000,45329.14000000,44680.71000000,45287.18000000,1011.61229700,1614503699999,45642862.35892763,20612,497.99716800,22464839.93490498,0
1614503700000,45278.67000000,45530.62000000,45074.97000000,45103.20000000,741.83694400,1614504599999,33610423.71843225,16557,394.79038000,17896604.89559086,0
1614504600000,45103.86000000,45239.23000000,44979.15000000,45187.26000000,523.79276200,1614505499999,23624937.04058479,12453,273.81910400,12351301.16252022,0
1614505500000,45187.26000000,45335.34000000,45032.61000000,45067.61000000,456.61610700,1614506399999,20626466.83414000,11292,230.69307600,10421627.77965848,0
1614506400000,45067.51000000,45150.00000000,44712.19000000,45147.87000000,756.91416700,1614507299999,34020504.85537204,16820,331.63862800,14911065.22218573,0
1614507300000,45147.86000000,45513.78000000,45072.59000000,45346.76000000,754.11012500,1614508199999,34164757.29079012,14989,429.63705300,19466198.85902288,0
1614508200000,45346.76000000,45427.72000000,45130.00000000,45152.69000000,438.21993300,1614509099999,19833430.50219528,10014,227.39569600,10292810.96754061,0
1614509100000,45152.68000000,45312.86000000,45145.91000000,45177.20000000,408.05882400,1614509999999,18455240.20792714,9814,202.96891700,9179377.07056358,0
1614510000000,45177.20000000,45350.00000000,44966.63000000,45347.82000000,546.04089400,1614510899999,24680485.37018849,13467,285.59925000,12916015.53477173,0
1614510900000,45347.81000000,45493.87000000,45207.00000000,45359.22000000,667.54579300,1614511799999,30302138.03323241,12994,392.41318000,17815033.22275431,0
1614511800000,45359.21000000,45407.69000000,45213.00000000,45388.55000000,453.14955100,1614512699999,20525154.58376903,10034,226.39965600,10252363.10801391,0
1614512700000,45393.62000000,45479.73000000,45194.88000000,45284.86000000,554.77722700,1614513599999,25131414.04908700,12054,229.46624000,10394205.32378279,0
1614513600000,45287.25000000,45500.17000000,45274.39000000,45284.93000000,474.42474600,1614514499999,21535085.31503863,12166,261.71006500,11879018.39932010,0
1614514500000,45284.93000000,45311.33000000,44766.81000000,45039.61000000,1009.49106100,1614515399999,45396026.31690134,24223,494.43386200,22229952.06639763,0
1614515400000,45039.60000000,45048.64000000,44501.00000000,44649.99000000,992.36639000,1614516299999,44349285.20655591,22097,499.61884400,22330755.51700247,0
1614516300000,44649.99000000,44814.01000000,44553.95000000,44756.99000000,514.71972200,1614517199999,23023670.90352457,12254,277.46237400,12411800.76733093,0
1614517200000,44756.99000000,44889.00000000,44380.00000000,44673.48000000,995.94010900,1614518099999,44441561.69264228,19966,461.97009900,20610037.36598661,0
1614518100000,44681.53000000,44766.66000000,44406.59000000,44452.55000000,740.90031400,1614518999999,33023203.37464855,15772,363.08784400,16185758.26163963,0
1614519000000,44455.99000000,44649.10000000,44424.31000000,44601.30000000,661.73897200,1614519899999,29485156.56880349,14264,319.73754800,14245614.22854628,0
1614519900000,44601.30000000,44650.12000000,44150.00000000,44178.80000000,709.61240300,1614520799999,31532436.28950865,15247,265.76818000,11810010.05239205,0
1614520800000,44183.52000000,44361.61000000,43634.05000000,43749.67000000,2234.51734300,1614521699999,98290360.24142044,42669,1025.30938600,45112720.49044781,0
1614521700000,43749.43000000,44505.08000000,43556.98000000,44176.88000000,1953.05567800,1614522599999,85926335.09579637,38258,1009.84184800,44452611.61478777,0
1614522600000,44173.19000000,44455.81000000,44129.38000000,44377.91000000,939.62204800,1614523499999,41661237.83533360,20760,462.49530400,20506089.71835674,0
1614523500000,44377.90000000,44652.30000000,44213.80000000,44561.92000000,735.71452200,1614524399999,32675896.02641768,17046,356.19881700,15822787.21709036,0
1614524400000,44564.46000000,44628.89000000,44218.00000000,44323.76000000,629.40371300,1614525299999,27945457.27249785,16095,314.86421000,13982046.78438738,0
1614525300000,44323.19000000,44323.19000000,43705.88000000,43744.47000000,1144.05168000,1614526199999,50268638.90465281,25127,520.27429100,22860072.21143385,0
1614526200000,43743.24000000,43832.96000000,43273.40000000,43316.54000000,1890.12204400,1614527099999,82268944.30953518,37950,837.12956600,36449908.81783175,0
1614527100000,43316.55000000,43600.00000000,43168.00000000,43391.14000000,1343.69314600,1614527999999,58288309.08654585,28954,674.85604200,29281586.13302475,0
1614528000000,43391.14000000,43934.56000000,43000.00000000,43411.61000000,2124.87053400,1614528899999,92323887.51706249,44240,990.09324400,43058922.31765102,0
1614528900000,43411.32000000,43692.90000000,43205.58000000,43334.35000000,1074.87875700,1614529799999,46747247.15388710,24090,527.80460400,22953718.59538493,0
1614529800000,43334.30000000,43772.07000000,43301.60000000,43632.98000000,881.48566600,1614530699999,38399726.78837645,18354,435.43297500,18968987.72435895,0
1614530700000,43632.98000000,43748.29000000,43493.20000000,43514.78000000,601.53911800,1614531599999,26235321.66343483,13594,255.52243900,11144977.35506758,0
1614531600000,43514.77000000,43730.52000000,43200.00000000,43603.46000000,932.64518000,1614532499999,40533039.98443122,20727,428.06420900,18607035.87713004,0
1614532500000,43603.46000000,43942.62000000,43469.38000000,43544.92000000,782.85372000,1614533399999,34237408.48675989,17903,389.52220000,17039829.53616018,0
1614533400000,43544.92000000,43582.05000000,43429.31000000,43481.66000000,125.57254400,1614534299999,5463556.99891237,2976,68.27830600,2971352.17478218,0
